Sample,Absorption_avg_50,Absorption_std_50
As received,0.0012569999999999999,0.0002097
Fully ferritic,0.003377,0.000817
HAZ,0.001693,0.00045970000000000006
HAZ + Tempered,0.00139,0.00041820000000000003
Normalized,0.003128,0.0011471
Normalized + Tempered,0.001838,0.0006222
Over-tempered,0.001526,0.00043339999999999996
Tempered,0.001611,0.0008728999999999999
